Filename, Fuzzy Messages, Total Messages, Fuzzy Words, Total Words, Achievement
l10n/po/es_ES/_guides/qute-reference.adoc.po, 855, 882, 13558, 13753, 2%
l10n/po/es_ES/_guides/security-oidc-expanded-configuration.adoc.po, 721, 728, 13103, 13115, 1%
l10n/po/es_ES/_guides/writing-extensions.adoc.po, 648, 650, 13004, 13007, 1%
l10n/po/es_ES/_guides/kafka.adoc.po, 595, 623, 12026, 12407, 4%
l10n/po/es_ES/_guides/native-reference.adoc.po, 349, 350, 10331, 10334, 1%
l10n/po/es_ES/_guides/security-oidc-code-flow-authentication.adoc.po, 411, 420, 10148, 10187, 1%
l10n/po/es_ES/_guides/rest.adoc.po, 509, 516, 8557, 8585, 1%
l10n/po/es_ES/_guides/hibernate-orm.adoc.po, 401, 408, 7628, 7694, 1%
l10n/po/es_ES/_guides/resteasy-reactive.adoc.po, 455, 461, 7237, 7245, 1%
l10n/po/es_ES/_guides/websockets-next-reference.adoc.po, 317, 321, 6304, 6330, 1%
l10n/po/es_ES/_guides/deploying-to-kubernetes.adoc.po, 365, 370, 6267, 6293, 1%
l10n/po/es_ES/_guides/tls-registry-reference.adoc.po, 338, 341, 6131, 6154, 1%
l10n/po/es_ES/_guides/cdi-reference.adoc.po, 300, 306, 6025, 6055, 1%
l10n/po/es_ES/_guides/maven-tooling.adoc.po, 281, 286, 5813, 5837, 1%
l10n/po/es_ES/_guides/rest-client.adoc.po, 302, 316, 5640, 5743, 2%
l10n/po/es_ES/_guides/dev-ui.adoc.po, 426, 430, 5473, 5478, 1%
l10n/po/es_ES/_guides/getting-started-testing.adoc.po, 240, 247, 5369, 5421, 1%
l10n/po/es_ES/_guides/security-oidc-bearer-token-authentication.adoc.po, 239, 246, 5292, 5317, 1%
l10n/po/es_ES/_guides/security-oidc-auth0-tutorial.adoc.po, 193, 199, 5201, 5212, 1%
l10n/po/es_ES/_guides/rest-client-reactive.adoc.po, 264, 276, 4901, 4982, 2%
l10n/po/es_ES/_guides/security-jwt.adoc.po, 326, 345, 4821, 4871, 2%
l10n/po/es_ES/_guides/hibernate-search-orm-elasticsearch.adoc.po, 275, 289, 4681, 4778, 3%
l10n/po/es_ES/_guides/config-reference.adoc.po, 251, 254, 4458, 4481, 1%
l10n/po/es_ES/_guides/building-native-image.adoc.po, 214, 223, 4352, 4393, 1%
l10n/po/es_ES/_guides/pulsar.adoc.po, 220, 240, 4226, 4444, 5%
l10n/po/es_ES/_guides/security-authorize-web-endpoints-reference.adoc.po, 230, 235, 4175, 4221, 2%
l10n/po/es_ES/_guides/datasource.adoc.po, 337, 340, 4156, 4178, 1%
l10n/po/es_ES/_guides/security-openid-connect-client-reference.adoc.po, 189, 196, 4074, 4108, 1%
l10n/po/es_ES/_guides/redis-reference.adoc.po, 233, 237, 4056, 4082, 1%
l10n/po/es_ES/_guides/hibernate-search-standalone-elasticsearch.adoc.po, 234, 248, 3911, 4008, 3%
l10n/po/es_ES/_guides/gradle-tooling.adoc.po, 209, 211, 3862, 3883, 1%
l10n/po/es_ES/_guides/mongodb-panache.adoc.po, 183, 201, 3804, 3918, 3%
l10n/po/es_ES/_guides/messaging.adoc.po, 200, 206, 3795, 3805, 1%
l10n/po/es_ES/_guides/security-authentication-mechanisms.adoc.po, 236, 241, 3781, 3800, 1%
l10n/po/es_ES/_guides/security-openid-connect-multitenancy.adoc.po, 189, 201, 3555, 3594, 2%
l10n/po/es_ES/_guides/logging.adoc.po, 318, 325, 3450, 3478, 1%
l10n/po/es_ES/_guides/cassandra.adoc.po, 163, 167, 3383, 3413, 1%
l10n/po/es_ES/_guides/building-my-first-extension.adoc.po, 173, 176, 3356, 3359, 1%
l10n/po/es_ES/_guides/http-reference.adoc.po, 271, 275, 3294, 3300, 1%
l10n/po/es_ES/_guides/security-openid-connect-providers.adoc.po, 158, 161, 3243, 3249, 1%
l10n/po/es_ES/_guides/telemetry-micrometer.adoc.po, 253, 274, 3218, 3453, 7%
l10n/po/es_ES/_guides/cache.adoc.po, 162, 171, 3215, 3292, 3%
l10n/po/es_ES/_guides/security-openid-connect-dev-services.adoc.po, 113, 121, 3170, 3209, 2%
l10n/po/es_ES/_guides/cdi-integration.adoc.po, 189, 189, 3159, 3159, 0%
l10n/po/es_ES/_guides/infinispan-client-reference.adoc.po, 195, 201, 3154, 3185, 1%
l10n/po/es_ES/_guides/security-vertx-oidc-to-quarkus-oidc-migration.adoc.po, 130, 132, 3150, 3155, 1%
l10n/po/es_ES/_guides/hibernate-reactive-panache.adoc.po, 149, 162, 3145, 3255, 4%
l10n/po/es_ES/_guides/virtual-threads.adoc.po, 146, 149, 3063, 3099, 2%
l10n/po/es_ES/_guides/security-webauthn.adoc.po, 124, 139, 2907, 3007, 4%
l10n/po/es_ES/_guides/hibernate-orm-panache.adoc.po, 146, 159, 2819, 2935, 4%
l10n/po/es_ES/_guides/resteasy.adoc.po, 146, 155, 2795, 2872, 3%
l10n/po/es_ES/_guides/scheduler-reference.adoc.po, 130, 134, 2544, 2568, 1%
l10n/po/es_ES/_guides/writing-native-applications-tips.adoc.po, 109, 109, 2448, 2448, 0%
l10n/po/es_ES/_guides/transaction.adoc.po, 102, 104, 2447, 2451, 1%
l10n/po/es_ES/_guides/security-keycloak-authorization.adoc.po, 174, 188, 2413, 2492, 4%
l10n/po/es_ES/_guides/cdi.adoc.po, 131, 132, 2371, 2372, 1%
l10n/po/es_ES/_guides/smallrye-graphql.adoc.po, 167, 180, 2359, 2455, 4%
l10n/po/es_ES/_guides/reactive-routes.adoc.po, 162, 165, 2344, 2357, 1%
l10n/po/es_ES/_guides/doc-reference.adoc.po, 268, 293, 2290, 2315, 2%
l10n/po/es_ES/_guides/compose-dev-services.adoc.po, 164, 175, 2246, 2259, 1%
l10n/po/es_ES/_guides/smallrye-fault-tolerance.adoc.po, 108, 120, 2146, 2240, 5%
l10n/po/es_ES/_guides/doc-contribute-docs-howto.adoc.po, 141, 142, 2107, 2108, 1%
l10n/po/es_ES/_guides/deploying-to-openshift.adoc.po, 160, 168, 2088, 2144, 3%
l10n/po/es_ES/_guides/validation.adoc.po, 108, 120, 2086, 2180, 5%
l10n/po/es_ES/_guides/rabbitmq-reference.adoc.po, 199, 253, 2080, 2494, 17%
l10n/po/es_ES/_guides/jreleaser.adoc.po, 62, 64, 2015, 2019, 1%
l10n/po/es_ES/_guides/mutiny-primer.adoc.po, 124, 125, 1962, 1963, 1%
l10n/po/es_ES/_guides/software-transactional-memory.adoc.po, 42, 44, 1955, 1959, 1%
l10n/po/es_ES/_guides/extension-codestart.adoc.po, 141, 145, 1934, 1939, 1%
l10n/po/es_ES/_guides/mongodb.adoc.po, 104, 118, 1934, 2030, 5%
l10n/po/es_ES/_guides/reactive-sql-clients.adoc.po, 164, 173, 1878, 1945, 4%
l10n/po/es_ES/_guides/cli-tooling.adoc.po, 149, 178, 1871, 2275, 18%
l10n/po/es_ES/_guides/security-jwt-build.adoc.po, 130, 138, 1865, 1882, 1%
l10n/po/es_ES/_guides/getting-started-reactive.adoc.po, 72, 74, 1817, 1820, 1%
l10n/po/es_ES/_guides/opentelemetry-tracing.adoc.po, 131, 143, 1774, 1822, 3%
l10n/po/es_ES/_guides/mailer-reference.adoc.po, 110, 115, 1773, 1813, 3%
l10n/po/es_ES/_guides/security-getting-started-tutorial.adoc.po, 118, 126, 1743, 1760, 1%
l10n/po/es_ES/_guides/security-openid-connect-client.adoc.po, 102, 114, 1739, 1801, 4%
l10n/po/es_ES/_guides/security-customization.adoc.po, 83, 87, 1727, 1736, 1%
l10n/po/es_ES/_guides/opentelemetry-metrics.adoc.po, 163, 175, 1716, 1783, 4%
l10n/po/es_ES/_guides/smallrye-health.adoc.po, 84, 98, 1715, 1812, 6%
l10n/po/es_ES/_guides/extension-registry-user.adoc.po, 96, 96, 1712, 1712, 0%
l10n/po/es_ES/_guides/resteasy-client.adoc.po, 86, 100, 1678, 1781, 6%
l10n/po/es_ES/_guides/rest-data-panache.adoc.po, 111, 115, 1669, 1675, 1%
l10n/po/es_ES/_guides/jfr.adoc.po, 90, 99, 1662, 1717, 4%
l10n/po/es_ES/_guides/grpc-service-implementation.adoc.po, 111, 112, 1649, 1651, 1%
l10n/po/es_ES/_guides/kafka-schema-registry-avro.adoc.po, 80, 91, 1647, 1719, 5%
l10n/po/es_ES/_guides/hibernate-reactive.adoc.po, 99, 106, 1637, 1701, 4%
l10n/po/es_ES/_guides/extension-metadata.adoc.po, 79, 81, 1620, 1622, 1%
l10n/po/es_ES/_guides/opentelemetry.adoc.po, 138, 149, 1611, 1676, 4%
l10n/po/es_ES/_guides/duplicated-context.adoc.po, 71, 74, 1587, 1590, 1%
l10n/po/es_ES/_guides/rest-json.adoc.po, 89, 100, 1571, 1667, 6%
l10n/po/es_ES/_guides/drools.adoc.po, 64, 68, 1545, 1552, 1%
l10n/po/es_ES/_guides/platform.adoc.po, 61, 62, 1504, 1505, 1%
l10n/po/es_ES/_guides/kotlin.adoc.po, 87, 94, 1486, 1502, 2%
l10n/po/es_ES/_guides/openapi-swaggerui.adoc.po, 94, 108, 1476, 1547, 5%
l10n/po/es_ES/_guides/class-loading-reference.adoc.po, 64, 65, 1456, 1476, 2%
l10n/po/es_ES/_guides/cyclonedx.adoc.po, 66, 68, 1456, 1458, 1%
l10n/po/es_ES/_guides/gcp-functions.adoc.po, 75, 91, 1456, 1619, 11%
l10n/po/es_ES/_guides/databases-dev-services.adoc.po, 82, 83, 1448, 1450, 1%
l10n/po/es_ES/_guides/extension-maturity-matrix.adoc.po, 62, 65, 1423, 1428, 1%
l10n/po/es_ES/_guides/kubernetes-client.adoc.po, 59, 67, 1420, 1458, 3%
l10n/po/es_ES/_guides/testing-components.adoc.po, 74, 75, 1415, 1416, 1%
l10n/po/es_ES/_guides/smallrye-graphql-client.adoc.po, 51, 62, 1411, 1486, 6%
l10n/po/es_ES/_guides/deploying-to-google-cloud.adoc.po, 81, 89, 1409, 1478, 5%
l10n/po/es_ES/_guides/web.adoc.po, 74, 74, 1406, 1406, 0%
l10n/po/es_ES/_guides/native-and-ssl.adoc.po, 94, 96, 1349, 1361, 1%
l10n/po/es_ES/_guides/telemetry-opentracing-to-otel-tutorial.adoc.po, 110, 118, 1336, 1346, 1%
l10n/po/es_ES/_guides/grpc-generation-reference.adoc.po, 107, 107, 1333, 1333, 0%
l10n/po/es_ES/_guides/performance-measure.adoc.po, 81, 82, 1313, 1316, 1%
l10n/po/es_ES/_guides/rest-migration.adoc.po, 97, 97, 1312, 1312, 0%
l10n/po/es_ES/_guides/doc-create-tutorial.adoc.po, 95, 96, 1310, 1311, 1%
l10n/po/es_ES/_guides/container-image.adoc.po, 52, 90, 1307, 1727, 25%
l10n/po/es_ES/_guides/management-interface-reference.adoc.po, 76, 77, 1307, 1327, 2%
l10n/po/es_ES/_guides/stork-kubernetes.adoc.po, 68, 76, 1298, 1321, 2%
l10n/po/es_ES/_guides/kafka-schema-registry-json-schema.adoc.po, 63, 74, 1291, 1363, 6%
l10n/po/es_ES/_guides/getting-started-dev-services.adoc.po, 79, 87, 1290, 1335, 4%
l10n/po/es_ES/_guides/security-oidc-bearer-token-authentication-tutorial.adoc.po, 87, 98, 1285, 1321, 3%
l10n/po/es_ES/_guides/_includes/smallrye-kafka-incoming.adoc.po, 96, 112, 1280, 1354, 6%
l10n/po/es_ES/_guides/resteasy-reactive-migration.adoc.po, 95, 95, 1278, 1278, 0%
l10n/po/es_ES/_guides/elasticsearch.adoc.po, 74, 84, 1247, 1298, 4%
l10n/po/es_ES/_guides/funqy-knative-events.adoc.po, 34, 68, 1211, 1563, 23%
l10n/po/es_ES/_guides/funqy-gcp-functions.adoc.po, 61, 77, 1173, 1299, 10%
l10n/po/es_ES/_guides/spring-data-jpa.adoc.po, 76, 95, 1165, 1301, 11%
l10n/po/es_ES/_guides/security-oauth2.adoc.po, 68, 79, 1144, 1226, 7%
l10n/po/es_ES/_guides/lifecycle.adoc.po, 61, 72, 1142, 1217, 7%
l10n/po/es_ES/_guides/dev-services.adoc.po, 46, 60, 1132, 1168, 4%
l10n/po/es_ES/_guides/getting-started.adoc.po, 40, 106, 1122, 1714, 35%
l10n/po/es_ES/_guides/spring-security.adoc.po, 84, 107, 1109, 1257, 12%
l10n/po/es_ES/_guides/assistant.adoc.po, 101, 102, 1106, 1107, 1%
l10n/po/es_ES/_guides/command-mode-reference.adoc.po, 63, 70, 1103, 1152, 5%
l10n/po/es_ES/_guides/kafka-getting-started.adoc.po, 49, 77, 1101, 1303, 16%
l10n/po/es_ES/_guides/kafka-reactive-getting-started.adoc.po, 49, 77, 1097, 1299, 16%
l10n/po/es_ES/_guides/security-oidc-code-flow-authentication-tutorial.adoc.po, 66, 75, 1084, 1110, 3%
l10n/po/es_ES/_guides/spring-web.adoc.po, 100, 125, 1064, 1228, 14%
l10n/po/es_ES/_guides/scripting.adoc.po, 66, 74, 1056, 1106, 5%
l10n/po/es_ES/_guides/centralized-log-management.adoc.po, 58, 65, 1044, 1073, 3%
l10n/po/es_ES/_guides/pulsar-getting-started.adoc.po, 48, 76, 1041, 1243, 17%
l10n/po/es_ES/_guides/config-extending-support.adoc.po, 65, 65, 1040, 1040, 0%
l10n/po/es_ES/_guides/quartz.adoc.po, 75, 89, 1039, 1142, 10%
l10n/po/es_ES/_guides/grpc-service-consumption.adoc.po, 67, 69, 1011, 1014, 1%
l10n/po/es_ES/_guides/spring-data-rest.adoc.po, 90, 111, 1005, 1143, 13%
l10n/po/es_ES/_guides/context-propagation.adoc.po, 66, 73, 1004, 1049, 5%
l10n/po/es_ES/_guides/telemetry-micrometer-to-opentelemetry.adoc.po, 100, 105, 993, 1008, 2%
l10n/po/es_ES/_guides/security-openid-connect-client-registration.adoc.po, 52, 57, 992, 1024, 4%
l10n/po/es_ES/_guides/tests-with-coverage.adoc.po, 53, 59, 973, 1000, 3%
l10n/po/es_ES/_guides/flyway.adoc.po, 55, 59, 969, 1002, 4%
l10n/po/es_ES/_guides/stork.adoc.po, 58, 68, 966, 996, 4%
l10n/po/es_ES/_guides/telemetry-micrometer-tutorial.adoc.po, 64, 66, 959, 961, 1%
l10n/po/es_ES/_guides/_includes/smallrye-pulsar-consumer.adoc.po, 113, 118, 955, 960, 1%
l10n/po/es_ES/_guides/picocli.adoc.po, 53, 60, 948, 994, 5%
l10n/po/es_ES/_guides/resteasy-client-multipart.adoc.po, 50, 61, 942, 1022, 8%
l10n/po/es_ES/_guides/rest-client-multipart.adoc.po, 50, 61, 940, 1020, 8%
l10n/po/es_ES/_guides/lra.adoc.po, 14, 22, 938, 960, 3%
l10n/po/es_ES/_guides/extension-faq.adoc.po, 40, 40, 933, 933, 0%
l10n/po/es_ES/_guides/spring-di.adoc.po, 61, 83, 928, 1094, 16%
l10n/po/es_ES/_guides/conditional-extension-dependencies.adoc.po, 35, 45, 917, 1013, 10%
l10n/po/es_ES/_guides/infinispan-dev-services.adoc.po, 50, 52, 890, 894, 1%
l10n/po/es_ES/_guides/config-mappings.adoc.po, 62, 62, 882, 882, 0%
l10n/po/es_ES/_guides/podman.adoc.po, 25, 25, 881, 881, 0%
l10n/po/es_ES/_guides/load-shedding-reference.adoc.po, 49, 53, 870, 896, 3%
l10n/po/es_ES/_guides/security-csrf-prevention.adoc.po, 44, 52, 865, 919, 6%
l10n/po/es_ES/_guides/funqy-aws-lambda.adoc.po, 33, 77, 853, 1382, 39%
l10n/po/es_ES/_guides/deploying-to-heroku.adoc.po, 46, 71, 848, 1092, 23%
l10n/po/es_ES/_guides/observability-devservices-lgtm.adoc.po, 58, 61, 833, 840, 1%
l10n/po/es_ES/_guides/grpc-getting-started.adoc.po, 50, 56, 826, 872, 6%
l10n/po/es_ES/_guides/credentials-provider.adoc.po, 49, 50, 817, 818, 1%
l10n/po/es_ES/_guides/kubernetes-dev-services.adoc.po, 28, 34, 788, 834, 6%
l10n/po/es_ES/_guides/config.adoc.po, 65, 75, 776, 851, 9%
l10n/po/es_ES/_guides/resteasy-reactive-virtual-threads.adoc.po, 50, 55, 764, 784, 3%
l10n/po/es_ES/_guides/rest-virtual-threads.adoc.po, 50, 55, 763, 783, 3%
l10n/po/es_ES/_guides/reactive-event-bus.adoc.po, 49, 73, 754, 996, 25%
l10n/po/es_ES/_guides/smallrye-metrics.adoc.po, 48, 55, 748, 776, 4%
l10n/po/es_ES/_guides/messaging-virtual-threads.adoc.po, 41, 44, 744, 752, 2%
l10n/po/es_ES/_guides/security-proactive-authentication.adoc.po, 22, 24, 720, 725, 1%
l10n/po/es_ES/_guides/security-overview.adoc.po, 46, 48, 718, 722, 1%
l10n/po/es_ES/_guides/funqy-http.adoc.po, 34, 39, 712, 738, 4%
l10n/po/es_ES/_guides/security-ldap.adoc.po, 37, 51, 708, 807, 13%
l10n/po/es_ES/_guides/dev-mcp.adoc.po, 39, 39, 707, 707, 0%
l10n/po/es_ES/_guides/security-jpa.adoc.po, 35, 38, 704, 729, 4%
l10n/po/es_ES/_guides/mailer.adoc.po, 51, 61, 681, 750, 10%
l10n/po/es_ES/_guides/_includes/smallrye-kafka-outgoing.adoc.po, 60, 89, 675, 992, 32%
l10n/po/es_ES/_guides/infinispan-client.adoc.po, 44, 69, 667, 887, 25%
l10n/po/es_ES/_guides/funqy.adoc.po, 11, 21, 657, 710, 8%
l10n/po/es_ES/_guides/dev-mode-differences.adoc.po, 22, 47, 650, 779, 17%
l10n/po/es_ES/_guides/security-jdbc.adoc.po, 34, 48, 645, 744, 14%
l10n/po/es_ES/_guides/azure-functions-http.adoc.po, 33, 44, 643, 725, 12%
l10n/po/es_ES/_guides/jms.adoc.po, 39, 53, 641, 725, 12%
l10n/po/es_ES/_guides/_includes/quarkus-blaze-persistence.adoc.po, 13, 16, 636, 639, 1%
l10n/po/es_ES/_guides/init-tasks.adoc.po, 37, 37, 630, 630, 0%
l10n/po/es_ES/_guides/grpc-reference.adoc.po, 43, 43, 627, 627, 0%
l10n/po/es_ES/_guides/hibernate-orm-panache-kotlin.adoc.po, 18, 30, 624, 708, 12%
l10n/po/es_ES/_guides/rabbitmq.adoc.po, 30, 78, 621, 1124, 45%
l10n/po/es_ES/_guides/security-testing.adoc.po, 28, 42, 619, 722, 15%
l10n/po/es_ES/_guides/cache-infinispan-reference.adoc.po, 37, 40, 618, 642, 4%
l10n/po/es_ES/_guides/observability.adoc.po, 56, 57, 615, 645, 5%
l10n/po/es_ES/_guides/websockets-next-tutorial.adoc.po, 40, 49, 607, 652, 7%
l10n/po/es_ES/_guides/azure-functions.adoc.po, 33, 42, 606, 662, 9%
l10n/po/es_ES/_guides/doc-concept.adoc.po, 41, 41, 606, 606, 0%
l10n/po/es_ES/_guides/elasticsearch-dev-services.adoc.po, 24, 40, 605, 723, 17%
l10n/po/es_ES/_guides/_includes/smallrye-pulsar-client.adoc.po, 140, 146, 595, 601, 1%
l10n/po/es_ES/_guides/spring-scheduled.adoc.po, 37, 57, 585, 726, 20%
l10n/po/es_ES/_guides/deploying-to-openshift-S2I-howto.adoc.po, 39, 42, 568, 571, 1%
l10n/po/es_ES/_guides/security-architecture.adoc.po, 34, 36, 559, 564, 1%
l10n/po/es_ES/_guides/config-secrets.adoc.po, 31, 32, 558, 560, 1%
l10n/po/es_ES/_guides/config-yaml.adoc.po, 30, 37, 558, 578, 4%
l10n/po/es_ES/_guides/continuous-testing.adoc.po, 20, 63, 556, 1232, 55%
l10n/po/es_ES/_guides/spring-cache.adoc.po, 33, 48, 553, 646, 15%
l10n/po/es_ES/_guides/deploying-to-openshift-s2i-howto.adoc.po, 38, 41, 552, 555, 1%
l10n/po/es_ES/_guides/opentelemetry-logging.adoc.po, 38, 47, 544, 589, 8%
l10n/po/es_ES/_guides/mongodb-panache-kotlin.adoc.po, 12, 24, 536, 607, 12%
l10n/po/es_ES/_guides/security-keycloak-admin-client.adoc.po, 33, 43, 529, 588, 11%
l10n/po/es_ES/_guides/build-analytics.adoc.po, 43, 48, 524, 529, 1%
l10n/po/es_ES/_guides/rabbitmq-dev-services.adoc.po, 25, 34, 521, 570, 9%
l10n/po/es_ES/_guides/kafka-dev-services.adoc.po, 21, 36, 513, 645, 21%
l10n/po/es_ES/_guides/reaugmentation.adoc.po, 7, 21, 506, 703, 29%
l10n/po/es_ES/_guides/security-basic-authentication.adoc.po, 32, 36, 506, 543, 7%
l10n/po/es_ES/_guides/spring-boot-properties.adoc.po, 32, 53, 504, 646, 22%
l10n/po/es_ES/_guides/blaze-persistence.adoc.po, 40, 41, 491, 511, 4%
l10n/po/es_ES/_guides/websockets.adoc.po, 34, 43, 485, 530, 9%
l10n/po/es_ES/_guides/deploying-to-openshift-howto.adoc.po, 29, 32, 479, 482, 1%
l10n/po/es_ES/_guides/security-cors.adoc.po, 28, 30, 456, 461, 2%
l10n/po/es_ES/_guides/cache-redis-reference.adoc.po, 28, 31, 453, 477, 6%
l10n/po/es_ES/_guides/lra-dev-services.adoc.po, 17, 20, 441, 449, 2%
l10n/po/es_ES/_guides/deploying-to-openshift-docker-howto.adoc.po, 27, 30, 440, 443, 1%
l10n/po/es_ES/_guides/liquibase.adoc.po, 29, 44, 436, 566, 23%
l10n/po/es_ES/_guides/extension-writing-dev-service.adoc.po, 23, 27, 432, 438, 2%
l10n/po/es_ES/_guides/_includes/smallrye-pulsar-producer.adoc.po, 77, 82, 429, 434, 2%
l10n/po/es_ES/_guides/security-properties.adoc.po, 18, 42, 419, 560, 26%
l10n/po/es_ES/_guides/liquibase-mongodb.adoc.po, 21, 41, 396, 587, 33%
l10n/po/es_ES/_guides/deploying-to-openshift-native-howto.adoc.po, 27, 30, 392, 395, 1%
l10n/po/es_ES/_guides/scheduler.adoc.po, 30, 44, 391, 496, 22%
l10n/po/es_ES/_guides/stork-reference.adoc.po, 29, 33, 373, 399, 7%
l10n/po/es_ES/_guides/_includes/smallrye-pulsar-incoming.adoc.po, 41, 51, 354, 365, 4%
l10n/po/es_ES/_guides/web-dependency-locator.adoc.po, 23, 26, 329, 335, 2%
l10n/po/es_ES/_guides/grpc-virtual-threads.adoc.po, 14, 16, 326, 330, 2%
l10n/po/es_ES/_guides/pulsar-dev-services.adoc.po, 19, 23, 325, 335, 3%
l10n/po/es_ES/_guides/update-quarkus.adoc.po, 20, 22, 305, 307, 1%
l10n/po/es_ES/_guides/gcp-functions-http.adoc.po, 14, 46, 299, 614, 52%
l10n/po/es_ES/_guides/mongodb-dev-services.adoc.po, 10, 12, 278, 282, 2%
l10n/po/es_ES/_guides/observability-devservices.adoc.po, 11, 11, 278, 278, 0%
l10n/po/es_ES/_guides/appcds.adoc.po, 9, 33, 273, 883, 70%
l10n/po/es_ES/_guides/funqy-aws-lambda-http.adoc.po, 8, 14, 273, 295, 8%
l10n/po/es_ES/_guides/upx.adoc.po, 11, 33, 270, 442, 39%
l10n/po/es_ES/_guides/funqy-gcp-functions-http.adoc.po, 6, 14, 263, 300, 13%
l10n/po/es_ES/_guides/security-vulnerability-detection.adoc.po, 17, 19, 256, 261, 2%
l10n/po/es_ES/_guides/kubernetes-config.adoc.po, 6, 43, 252, 830, 70%
l10n/po/es_ES/_guides/redis-dev-services.adoc.po, 6, 11, 239, 281, 15%
l10n/po/es_ES/_guides/_includes/smallrye-pulsar-outgoing.adoc.po, 22, 31, 229, 239, 5%
l10n/po/es_ES/_guides/_includes/opentelemetry-config.adoc.po, 13, 13, 224, 224, 0%
l10n/po/es_ES/_guides/quarkus-runtime-base-image.adoc.po, 7, 16, 217, 268, 20%
l10n/po/es_ES/_guides/README.adoc.po, 21, 21, 201, 201, 0%
l10n/po/es_ES/_guides/security-basic-authentication-howto.adoc.po, 11, 24, 191, 288, 34%
l10n/po/es_ES/_guides/_includes/extension-status.adoc.po, 6, 6, 141, 141, 0%
l10n/po/es_ES/_guides/spring-cloud-config-client.adoc.po, 4, 38, 130, 436, 71%
l10n/po/es_ES/_guides/funqy-azure-functions-http.adoc.po, 3, 4, 129, 135, 5%
l10n/po/es_ES/_guides/_includes/duration-format-note.adoc.po, 7, 7, 108, 108, 0%
l10n/po/es_ES/_guides/grpc-kubernetes.adoc.po, 4, 17, 103, 319, 68%
l10n/po/es_ES/_guides/quarkus-maven-plugin.adoc.po, 2, 6, 96, 116, 18%
l10n/po/es_ES/_guides/grpc-xds.adoc.po, 3, 20, 95, 205, 54%
l10n/po/es_ES/_guides/security-identity-providers.adoc.po, 3, 13, 88, 193, 55%
l10n/po/es_ES/_guides/grpc.adoc.po, 6, 19, 87, 169, 49%
l10n/po/es_ES/_guides/_includes/prerequisites.adoc.po, 11, 11, 86, 86, 0%
l10n/po/es_ES/_guides/amqp-reference.adoc.po, 5, 229, 82, 2935, 98%
l10n/po/es_ES/_guides/aws-lambda-http.adoc.po, 2, 111, 77, 2251, 97%
l10n/po/es_ES/_guides/ide-tooling.adoc.po, 8, 49, 76, 252, 70%
l10n/po/es_ES/_guides/_includes/devtools/create-app.adoc.po, 7, 8, 68, 69, 2%
l10n/po/es_ES/_guides/_includes/json-provider-note.adoc.po, 3, 3, 68, 68, 0%
l10n/po/es_ES/_guides/security-oidc-configuration-properties-reference.adoc.po, 8, 14, 66, 122, 46%
l10n/po/es_ES/_guides/camel.adoc.po, 2, 3, 55, 59, 7%
l10n/po/es_ES/_guides/_includes/devtools/create-cli.adoc.po, 4, 5, 41, 42, 3%
l10n/po/es_ES/_guides/grpc-cli.adoc.po, 8, 9, 39, 40, 3%
l10n/po/es_ES/_guides/kafka-dev-ui.adoc.po, 1, 8, 31, 87, 65%
l10n/po/es_ES/_guides/tooling.adoc.po, 1, 18, 31, 159, 81%
l10n/po/es_ES/_guides/_includes/compile-quarkus-quickly.adoc.po, 1, 1, 25, 25, 0%
l10n/po/es_ES/_guides/capabilities.adoc.po, 1, 44, 23, 776, 98%
l10n/po/es_ES/_guides/kafka-streams.adoc.po, 1, 132, 21, 2606, 100%
l10n/po/es_ES/_guides/amqp-dev-services.adoc.po, 2, 21, 18, 352, 95%
l10n/po/es_ES/_guides/apicurio-registry-dev-services.adoc.po, 2, 22, 18, 416, 96%
l10n/po/es_ES/_guides/_includes/platform-include.adoc.po, 1, 1, 15, 15, 0%
l10n/po/es_ES/_guides/_attributes.adoc.po, 1, 3, 4, 11, 64%
l10n/po/es_ES/_guides/_includes/devtools/build-native-container-parameters.adoc.po, 2, 6, 2, 26, 93%
l10n/po/es_ES/_guides/_includes/devtools/build-native-container.adoc.po, 2, 3, 2, 3, 34%
l10n/po/es_ES/_guides/_includes/devtools/build-native.adoc.po, 2, 3, 2, 3, 34%
l10n/po/es_ES/_guides/_includes/devtools/build.adoc.po, 2, 3, 2, 3, 34%
l10n/po/es_ES/_guides/_includes/devtools/dev.adoc.po, 2, 3, 2, 3, 34%
l10n/po/es_ES/_guides/_includes/devtools/extension-add.adoc.po, 2, 3, 2, 3, 34%
l10n/po/es_ES/_guides/_includes/devtools/run.adoc.po, 2, 3, 2, 3, 34%
l10n/po/es_ES/_guides/_includes/devtools/dev-parameters.adoc.po, 1, 2, 1, 2, 50%
l10n/po/es_ES/_guides/_includes/devtools/extension-list.adoc.po, 1, 2, 1, 2, 50%
l10n/po/es_ES/_guides/_includes/devtools/maven-opts.adoc.po, 1, 4, 1, 8, 88%
l10n/po/es_ES/_guides/_includes/devtools/test.adoc.po, 1, 2, 1, 2, 50%
l10n/po/es_ES/_guides/guides.md.po, 1, 3, 1, 4, 75%
l10n/po/es_ES/_guides/all-builditems.adoc.po, 0, 3, 0, 31, 100%
l10n/po/es_ES/_guides/all-config.adoc.po, 0, 2, 0, 23, 100%
l10n/po/es_ES/_guides/amqp.adoc.po, 0, 69, 0, 1116, 100%
l10n/po/es_ES/_guides/ansible.adoc.po, 0, 30, 0, 882, 100%
l10n/po/es_ES/_guides/aws-lambda-snapstart.adoc.po, 0, 37, 0, 514, 100%
l10n/po/es_ES/_guides/aws-lambda.adoc.po, 0, 149, 0, 3042, 100%
l10n/po/es_ES/_guides/deploying-to-azure-cloud.adoc.po, 0, 49, 0, 744, 100%
l10n/po/es_ES/_guides/quarkus-reactive-architecture.adoc.po, 0, 66, 0, 1664, 100%
l10n/po/es_ES/_guides/qute.adoc.po, 0, 97, 0, 1412, 100%
l10n/po/es_ES/_guides/redis.adoc.po, 0, 78, 0, 849, 100%
l10n/po/es_ES/_guides/telemetry-examples.yaml.po, 0, 2, 0, 4, 100%
l10n/po/es_ES/_guides/vertx-reference.adoc.po, 0, 258, 0, 3434, 100%
l10n/po/es_ES/_guides/vertx.adoc.po, 0, 102, 0, 1550, 100%
